01\tQzQRWoJLD6k\tfintechNEXT | Operating a Crypto Firm in Hong Kong
02\tKxZeGIa_JZc\tfintechNEXT | Launching Crypto Funds in an Uncertain Environment
03\tno0pQRkx8Ko\tPrivate Funds Nuts & Bolts | Crypto Funds 2.0 – Opportunities for Investment Managers in 2021
04\tjtAsKKGeCWM\tfintechNEXT | White House’s Executive Order on AI
05\tHeAZeduCWiQ\t2021 California Investment Management Symposium | ESG in an Era of Social and Political Change
06\tZeo3auJ-NW8\t2021 Virtual California Investment Management Symposium: Opening Remarks
07\tSPJ8S27zUZw\t2021 Virtual California Investment Management Symposium: The Future of Digital Assets
08\tBIj1ngPHDqM\t2021 Virtual California Investment Management Symposium | FSG Volatility in the Time of COVID
09\tUR_rEJMcPcU\tfintechNEXT: Digital Investment Advice in the Age of COVID-19
10\tlp2lNiMzsko\tfintechNEXT: The Venture Capital View of Fintech
11\tjNIrydjmpRE\tfintechNEXT | Digital Fund Services – Unleashing the Power of Blockchain
12\tRD0t-1JTPVA\tfintechNEXT: Alternative Data and the Future of Investment Management
13\tF_9ae1BkfjY\tfintechNEXT: Bitcoin 2020 – Navigating Opportunities During Uncertain Times
14\tFukrvgLwvNs\tPrivate Funds Nuts & Bolts: Digital Asset Funds – Challenges and Opportunities
15\tvKEwO7APQlI\tfintechNEXT | AI and Intellectual Property: Navigating the Legal Landscape in 2024
16\tTzRhZoGYkvI\tfintechNEXT | Crypto 2024: Shaping Your Business in the Face of Evolving Regulations
17\tqrL0waS0vqs\tTokenization and TradFi: The Road Ahead
